model_name,condition,n_examples,execution_accuracy,executable_query_rate,exact_match_accuracy,median_generation_latency_sec,mean_generation_latency_sec,p95_generation_latency_sec,mean_prompt_input_chars,mean_schema_context_chars,mean_schema_compression_ratio,gold_table_recall,gold_column_recall,pruning_failure_rate,mean_model_load_gpu_reserved_delta_mb,mean_runtime_gpu_peak_delta_mb,mean_runtime_cpu_delta_mb,repair_attempt_rate,mean_repair_latency_sec
Qwen3-0.6B,A,1032,0.13870029097963144,0.6996124031007752,0.060077519379844964,1.6142180394990646,3.6101331333129565,20.28231347400051,844.5300387596899,584.6521317829457,1.0,1.0,0.7936046511627907,0.0,1044.0,0.0,7.948764534883721e-05,0.0,0.0
Qwen3-0.6B,B,1032,0.13953488372093023,0.7228682170542635,0.0562015503875969,1.6012284410003303,3.50414734547964,20.251115995399413,753.7781007751938,493.9001937984496,0.8873139119895839,0.9786821705426356,0.7858527131782945,0.22093023255813954,1044.0,0.0,-0.04380147771317829,0.0,0.0
Qwen3-0.6B,C,1033,0.1345595353339787,0.7221684414327202,0.05033881897386254,1.552006590000019,3.3231212571820246,20.206630568400303,1466.3552758954502,1206.3717328170378,2.190464970431733,0.978702807357212,0.7860600193610843,0.2207163601161665,1044.0,0.0,0.00012478823814133591,0.0,0.0
Qwen3-0.6B,D,1033,0.1345595353339787,0.7337850919651501,0.05033881897386254,1.5229834289998507,3.3201657615566424,20.23591835900006,1466.3552758954502,1206.3717328170378,2.190464970431733,0.978702807357212,0.7860600193610843,0.2207163601161665,1044.0,0.0,4.537754114230397e-05,0.27783155856727976,1.8774556226882868
